{"53.8": 0.8326666666666667, "54.3": 0.974, "54.8": 1.07, "55.3": 1.3033333333333332, "55.8": 1.3906666666666667, "56.3": 1.506}