{"24": 1.336, "24.2": 1.584, "24.4": 1.576, "24.599999999999998": 1.7, "24.799999999999997": 1.852, "24.999999999999996": 2.12, "25.199999999999996": 2.388, "25.399999999999995": 2.68, "25.599999999999994": 3.112, "25.799999999999994": 3.864, "25.999999999999993": 4.864}