{"22.9": 0.7533165407220822, "23.4": 0.9563179916317991, "23.9": 1.1398544866612772, "24.4": 1.212490922294844, "24.9": 1.3898261429491308, "25.4": 1.8469078179696616, "25.9": 2.352874109263658}