{"53.3": 0.5708, "53.8": 0.636, "54.3": 0.768, "54.8": 0.8986666666666666, "55.3": 1.0593333333333332, "55.8": 1.1026666666666667, "56.3": 1.1806666666666668, "56.8": 1.242}