{"27": 4.7996, "27.5": 4.981199999999999, "28": 5.172, "28.5": 5.261, "29": 5.486800000000001, "29.5": 5.6383, "30": 5.6858}