{"53.8": 0.8633333333333333, "54.3": 0.9806666666666667, "54.8": 1.0873333333333333, "55.3": 1.2593333333333334, "55.8": 1.326, "56.3": 1.4906666666666666}