{"23": 1.084, "23.2": 1.032, "23.4": 1.084, "23.599999999999998": 1.08, "23.799999999999997": 1.092, "23.999999999999996": 1.184, "24.199999999999996": 1.276, "24.399999999999995": 1.204, "24.599999999999994": 1.328, "24.799999999999994": 1.468, "24.999999999999993": 1.712, "25.199999999999992": 1.856, "25.39999999999999": 2.036, "25.59999999999999": 2.436, "25.79999999999999": 2.98, "25.99999999999999": 3.828}