{"27": 5.7252, "27.5": 6.0329999999999995, "28": 6.5054, "28.5": 6.780799999999999, "29": 7.1274, "29.5": 7.3147, "30": 7.708600000000001}