{"27": 0.2786666666666667, "28": 0.32666666666666666, "29": 0.376}