{"43.5": 0.0062565172054223, "44": 0.0301204819277108, "44.4": 0.0890890890890892}